,date,open,high,low,close,volume
0,2025-03-17 09:15:00+05:30,1242.15,1257.4,1242.15,1243.8,1942074
1,2025-03-17 10:15:00+05:30,1243.7,1244.0,1238.5,1239.8,939119
2,2025-03-17 11:15:00+05:30,1239.6,1243.0,1238.05,1239.0,662405
3,2025-03-17 12:15:00+05:30,1238.75,1238.95,1233.1,1235.55,1859689
4,2025-03-17 13:15:00+05:30,1235.45,1243.0,1235.1,1240.5,4821072
5,2025-03-17 14:15:00+05:30,1240.5,1243.25,1237.1,1238.2,4053983
6,2025-03-17 15:15:00+05:30,1238.2,1241.75,1237.0,1241.75,1657461
7,2025-03-18 09:15:00+05:30,1244.7,1248.35,1237.75,1240.3,2389066
8,2025-03-18 10:15:00+05:30,1240.25,1243.1,1238.25,1238.75,1774826
9,2025-03-18 11:15:00+05:30,1238.75,1240.75,1235.5,1239.5,4736774
10,2025-03-18 12:15:00+05:30,1239.7,1239.7,1235.0,1238.65,1451659
11,2025-03-18 13:15:00+05:30,1238.6,1239.25,1236.1,1236.1,1026346
12,2025-03-18 14:15:00+05:30,1236.1,1239.85,1235.75,1239.75,3076891
13,2025-03-18 15:15:00+05:30,1239.75,1240.6,1238.7,1240.0,1160629
14,2025-03-19 09:15:00+05:30,1241.05,1251.8,1238.8,1248.4,3145002
15,2025-03-19 10:15:00+05:30,1248.65,1251.3,1245.15,1245.85,1517732
16,2025-03-19 11:15:00+05:30,1245.9,1245.9,1242.35,1244.0,1147149
17,2025-03-19 12:15:00+05:30,1243.9,1253.25,1243.5,1251.0,2204305
18,2025-03-19 13:15:00+05:30,1251.0,1252.5,1247.9,1248.45,1379496
19,2025-03-19 14:15:00+05:30,1248.45,1249.6,1244.65,1247.95,3516832
20,2025-03-19 15:15:00+05:30,1247.95,1249.0,1246.3,1248.0,3180877
21,2025-03-20 09:15:00+05:30,1251.85,1261.0,1250.05,1256.35,2772939
22,2025-03-20 10:15:00+05:30,1256.35,1259.25,1254.85,1257.5,2842985
23,2025-03-20 11:15:00+05:30,1257.5,1258.15,1253.4,1256.95,996197
24,2025-03-20 12:15:00+05:30,1257.0,1262.2,1255.3,1262.05,1472275
25,2025-03-20 13:15:00+05:30,1262.1,1273.0,1260.25,1270.35,2965827
26,2025-03-20 14:15:00+05:30,1270.05,1272.35,1267.0,1268.65,3565010
27,2025-03-20 15:15:00+05:30,1268.65,1269.85,1268.0,1268.2,1286255
28,2025-03-21 09:15:00+05:30,1275.0,1279.55,1270.1,1275.5,1955091
29,2025-03-21 10:15:00+05:30,1275.45,1280.55,1275.05,1276.95,1448250
30,2025-03-21 11:15:00+05:30,1276.95,1279.45,1274.0,1275.9,1146345
31,2025-03-21 12:15:00+05:30,1275.9,1281.0,1275.0,1278.55,1204397
32,2025-03-21 13:15:00+05:30,1278.55,1279.5,1274.9,1277.85,7992965
33,2025-03-21 14:15:00+05:30,1277.85,1280.5,1273.45,1276.35,4829120
34,2025-03-21 15:15:00+05:30,1276.45,1278.0,1275.4,1277.5,3089187
35,2025-03-24 09:15:00+05:30,1291.0,1294.65,1284.25,1288.7,4280526
36,2025-03-24 10:15:00+05:30,1288.75,1299.7,1288.25,1298.85,3126103
37,2025-03-24 11:15:00+05:30,1298.85,1306.0,1298.6,1302.75,3349593
38,2025-03-24 12:15:00+05:30,1302.75,1303.35,1295.3,1299.9,1585768
39,2025-03-24 13:15:00+05:30,1299.9,1304.85,1299.0,1302.75,2795630
40,2025-03-24 14:15:00+05:30,1302.7,1302.9,1299.0,1302.05,3159216
41,2025-03-24 15:15:00+05:30,1302.0,1305.0,1301.55,1302.65,1687470
42,2025-03-25 09:15:00+05:30,1307.7,1307.7,1290.0,1293.8,3014111
43,2025-03-25 10:15:00+05:30,1293.5,1296.5,1285.25,1288.85,1611094
44,2025-03-25 11:15:00+05:30,1288.85,1293.0,1284.35,1289.45,1375366
45,2025-03-25 12:15:00+05:30,1289.45,1291.15,1286.7,1287.7,987366
46,2025-03-25 13:15:00+05:30,1287.7,1294.75,1286.2,1294.3,1067942
47,2025-03-25 14:15:00+05:30,1294.3,1295.1,1282.6,1284.55,3731374
48,2025-03-25 15:15:00+05:30,1284.6,1287.7,1283.65,1285.25,1642943
49,2025-03-26 09:15:00+05:30,1291.0,1293.8,1280.4,1283.4,1929901
50,2025-03-26 10:15:00+05:30,1283.4,1284.6,1279.2,1282.25,1272695
51,2025-03-26 11:15:00+05:30,1282.1,1284.75,1276.0,1277.75,1032094
52,2025-03-26 12:15:00+05:30,1277.7,1285.15,1274.6,1280.0,2397323
53,2025-03-26 13:15:00+05:30,1279.95,1282.0,1277.25,1279.8,1535272
54,2025-03-26 14:15:00+05:30,1279.8,1281.4,1270.25,1274.0,2675108
55,2025-03-26 15:15:00+05:30,1274.05,1274.1,1268.75,1271.0,1124507
56,2025-03-27 09:15:00+05:30,1278.15,1284.8,1271.3,1282.65,2695360
57,2025-03-27 10:15:00+05:30,1282.7,1285.0,1277.7,1281.0,1962997
58,2025-03-27 11:15:00+05:30,1281.0,1281.8,1274.6,1275.85,1192937
59,2025-03-27 12:15:00+05:30,1275.85,1277.6,1273.0,1274.95,885089
60,2025-03-27 13:15:00+05:30,1274.95,1279.9,1273.7,1279.35,1141529
61,2025-03-27 14:15:00+05:30,1279.3,1284.4,1275.0,1278.7,4358135
62,2025-03-27 15:15:00+05:30,1278.65,1283.0,1276.85,1280.0,2603428
63,2025-03-28 09:15:00+05:30,1280.0,1289.1,1278.3,1283.15,1417803
64,2025-03-28 10:15:00+05:30,1283.2,1295.75,1283.0,1291.65,1401007
65,2025-03-28 11:15:00+05:30,1291.6,1292.95,1289.0,1290.0,935387
66,2025-03-28 12:15:00+05:30,1290.0,1290.7,1269.0,1276.2,8314470
67,2025-03-28 13:15:00+05:30,1276.05,1276.9,1270.0,1275.35,1443942
68,2025-03-28 14:15:00+05:30,1274.95,1282.55,1274.1,1277.25,3264278
69,2025-03-28 15:15:00+05:30,1277.2,1277.3,1273.0,1274.0,1298127
70,2025-04-01 09:15:00+05:30,1264.6,1277.9,1263.65,1271.9,2621156
71,2025-04-01 10:15:00+05:30,1271.95,1273.1,1256.6,1259.7,2276987
72,2025-04-01 11:15:00+05:30,1259.7,1263.85,1259.0,1260.2,1156705
73,2025-04-01 12:15:00+05:30,1260.2,1262.85,1257.15,1258.15,818516
74,2025-04-01 13:15:00+05:30,1258.15,1259.0,1251.4,1252.0,1087235
75,2025-04-01 14:15:00+05:30,1252.0,1255.7,1249.3,1253.45,2277099
76,2025-04-01 15:15:00+05:30,1253.45,1254.0,1251.1,1254.0,1173201
77,2025-04-02 09:15:00+05:30,1247.55,1253.7,1243.9,1251.8,2420884
78,2025-04-02 10:15:00+05:30,1251.8,1255.55,1251.25,1253.5,1213356
79,2025-04-02 11:15:00+05:30,1253.8,1254.0,1249.25,1251.6,1385438
80,2025-04-02 12:15:00+05:30,1251.5,1254.5,1249.6,1253.0,1153307
81,2025-04-02 13:15:00+05:30,1253.0,1255.0,1249.0,1249.3,980539
82,2025-04-02 14:15:00+05:30,1249.3,1252.0,1248.1,1251.15,1741360
83,2025-04-02 15:15:00+05:30,1251.55,1253.0,1250.5,1251.95,1053251
84,2025-04-03 09:15:00+05:30,1233.05,1246.45,1233.05,1246.0,1893591
85,2025-04-03 10:15:00+05:30,1246.0,1249.05,1243.3,1248.05,816240
86,2025-04-03 11:15:00+05:30,1248.0,1249.4,1244.75,1248.15,1081109
87,2025-04-03 12:15:00+05:30,1248.5,1249.0,1247.0,1248.4,893931
88,2025-04-03 13:15:00+05:30,1248.4,1251.8,1246.3,1248.1,817679
89,2025-04-03 14:15:00+05:30,1248.15,1249.5,1246.5,1248.35,1198678
90,2025-04-03 15:15:00+05:30,1248.4,1251.0,1247.5,1248.5,609880
91,2025-04-04 09:15:00+05:30,1241.1,1245.45,1208.0,1208.6,4810962
92,2025-04-04 10:15:00+05:30,1208.6,1211.85,1196.0,1200.55,4147820
93,2025-04-04 11:15:00+05:30,1200.55,1201.0,1193.15,1195.1,2392510
94,2025-04-04 12:15:00+05:30,1195.05,1199.65,1194.55,1199.1,1431623
95,2025-04-04 13:15:00+05:30,1199.1,1200.9,1195.3,1200.0,1915942
96,2025-04-04 14:15:00+05:30,1200.0,1207.0,1199.0,1204.5,2089049
97,2025-04-04 15:15:00+05:30,1204.5,1206.0,1204.0,1205.9,865959
98,2025-04-07 09:15:00+05:30,1132.2,1155.8,1114.85,1142.55,6853907
99,2025-04-07 10:15:00+05:30,1142.85,1157.5,1142.4,1153.6,2141103
100,2025-04-07 11:15:00+05:30,1153.6,1157.95,1147.4,1148.35,1793874
101,2025-04-07 12:15:00+05:30,1148.25,1153.6,1143.2,1147.95,3838949
102,2025-04-07 13:15:00+05:30,1147.45,1157.55,1144.1,1154.65,2441642
103,2025-04-07 14:15:00+05:30,1154.65,1171.1,1153.1,1167.2,3411507
104,2025-04-07 15:15:00+05:30,1166.65,1171.1,1160.65,1171.1,1331732
105,2025-04-08 09:15:00+05:30,1172.0,1186.6,1168.0,1169.4,3927035
106,2025-04-08 10:15:00+05:30,1169.4,1179.9,1163.3,1178.1,3083087
107,2025-04-08 11:15:00+05:30,1178.0,1184.0,1168.65,1183.85,2009637
108,2025-04-08 12:15:00+05:30,1184.7,1196.6,1180.25,1189.6,2342709
109,2025-04-08 13:15:00+05:30,1189.6,1191.5,1174.15,1185.9,2453133
110,2025-04-08 14:15:00+05:30,1186.2,1191.05,1181.55,1182.85,3488721
111,2025-04-08 15:15:00+05:30,1182.85,1182.85,1179.5,1181.2,1762842
112,2025-04-09 09:15:00+05:30,1169.5,1185.0,1168.0,1181.35,2523353
113,2025-04-09 10:15:00+05:30,1181.35,1188.0,1181.15,1187.6,1226342
114,2025-04-09 11:15:00+05:30,1187.5,1189.8,1184.0,1184.4,815698
115,2025-04-09 12:15:00+05:30,1184.45,1186.7,1183.05,1185.05,920581
116,2025-04-09 13:15:00+05:30,1185.05,1185.9,1181.3,1185.05,1378863
117,2025-04-09 14:15:00+05:30,1185.05,1187.1,1183.1,1186.5,2190059
118,2025-04-09 15:15:00+05:30,1186.55,1187.85,1184.55,1187.55,984529
119,2025-04-11 09:15:00+05:30,1195.15,1217.5,1195.15,1212.8,3109433
120,2025-04-11 10:15:00+05:30,1212.7,1214.8,1205.0,1213.65,1319750
121,2025-04-11 11:15:00+05:30,1213.65,1221.75,1211.5,1221.4,1420812
122,2025-04-11 12:15:00+05:30,1221.4,1222.65,1218.6,1219.95,1108491
123,2025-04-11 13:15:00+05:30,1219.95,1221.15,1212.7,1213.75,1079423
124,2025-04-11 14:15:00+05:30,1213.9,1220.8,1213.4,1218.5,1721638
125,2025-04-11 15:15:00+05:30,1218.5,1221.2,1218.45,1220.0,955836
126,2025-04-15 09:15:00+05:30,1251.0,1251.0,1241.0,1241.5,2899042
127,2025-04-15 10:15:00+05:30,1241.6,1243.0,1237.1,1238.5,976886
128,2025-04-15 11:15:00+05:30,1238.5,1241.2,1237.8,1241.0,640933
129,2025-04-15 12:15:00+05:30,1241.0,1243.7,1240.0,1242.2,1310644
130,2025-04-15 13:15:00+05:30,1242.2,1243.8,1240.9,1243.5,1191439
131,2025-04-15 14:15:00+05:30,1243.5,1243.5,1239.1,1239.5,3057044
132,2025-04-15 15:15:00+05:30,1239.5,1241.4,1239.1,1239.6,1810177
133,2025-04-16 09:15:00+05:30,1234.1,1237.2,1230.0,1233.7,1486545
134,2025-04-16 10:15:00+05:30,1233.6,1235.0,1229.0,1233.7,1326163
135,2025-04-16 11:15:00+05:30,1233.7,1236.1,1232.1,1235.5,619909
136,2025-04-16 12:15:00+05:30,1235.6,1237.6,1234.2,1236.8,887830
137,2025-04-16 13:15:00+05:30,1236.8,1238.6,1230.4,1237.5,939075
138,2025-04-16 14:15:00+05:30,1237.6,1240.9,1236.7,1237.1,2035949
139,2025-04-16 15:15:00+05:30,1237.5,1239.6,1236.2,1237.8,876395
140,2025-04-17 09:15:00+05:30,1240.2,1242.9,1227.6,1230.0,1828447
141,2025-04-17 10:15:00+05:30,1229.8,1242.4,1229.2,1242.1,1519132
142,2025-04-17 11:15:00+05:30,1242.3,1260.0,1242.2,1259.0,2431958
143,2025-04-17 12:15:00+05:30,1259.0,1267.5,1258.3,1267.3,1902588
144,2025-04-17 13:15:00+05:30,1267.3,1277.7,1265.2,1275.0,3131377
145,2025-04-17 14:15:00+05:30,1275.0,1280.2,1272.0,1273.5,3511965
146,2025-04-17 15:15:00+05:30,1273.5,1275.0,1272.0,1272.3,952672
147,2025-04-21 09:15:00+05:30,1270.0,1285.9,1267.0,1284.1,1918766
148,2025-04-21 10:15:00+05:30,1284.1,1292.9,1283.5,1292.4,1638708
149,2025-04-21 11:15:00+05:30,1292.8,1298.6,1292.0,1295.7,2007413
150,2025-04-21 12:15:00+05:30,1295.7,1297.8,1293.5,1295.9,971349
151,2025-04-21 13:15:00+05:30,1295.9,1298.0,1293.1,1297.5,1134434
152,2025-04-21 14:15:00+05:30,1297.4,1300.9,1294.5,1295.4,1955091
153,2025-04-21 15:15:00+05:30,1295.7,1296.0,1294.9,1295.4,681707
154,2025-04-22 09:15:00+05:30,1300.0,1303.9,1290.9,1295.6,2244813
155,2025-04-22 10:15:00+05:30,1295.4,1301.6,1295.3,1299.3,1616627
156,2025-04-22 11:15:00+05:30,1299.1,1300.8,1297.7,1300.0,2342805
157,2025-04-22 12:15:00+05:30,1300.0,1300.3,1293.0,1295.0,2257076
158,2025-04-22 13:15:00+05:30,1295.0,1296.7,1286.3,1289.9,1962371
159,2025-04-22 14:15:00+05:30,1289.9,1293.8,1287.8,1291.3,2010104
160,2025-04-22 15:15:00+05:30,1291.3,1292.0,1288.0,1289.2,448934
161,2025-04-23 09:15:00+05:30,1297.0,1306.0,1291.1,1294.3,2219957
162,2025-04-23 10:15:00+05:30,1294.0,1295.8,1285.4,1290.1,1179797
163,2025-04-23 11:15:00+05:30,1290.1,1297.0,1289.9,1295.4,1083012
164,2025-04-23 12:15:00+05:30,1295.3,1298.0,1292.7,1296.1,850674
165,2025-04-23 13:15:00+05:30,1296.1,1300.4,1295.0,1299.6,1700717
166,2025-04-23 14:15:00+05:30,1299.5,1301.2,1295.6,1299.9,2181242
167,2025-04-23 15:15:00+05:30,1299.9,1300.5,1297.0,1297.0,1113990
168,2025-04-24 09:15:00+05:30,1292.4,1297.9,1290.3,1293.0,1410673
169,2025-04-24 10:15:00+05:30,1293.1,1296.5,1291.0,1295.3,883405
170,2025-04-24 11:15:00+05:30,1295.3,1299.6,1294.0,1298.0,1175841
171,2025-04-24 12:15:00+05:30,1298.0,1301.0,1297.8,1299.5,1278477
172,2025-04-24 13:15:00+05:30,1299.6,1300.5,1294.9,1300.1,1524939
173,2025-04-24 14:15:00+05:30,1300.1,1302.5,1295.7,1302.3,2668419
174,2025-04-24 15:15:00+05:30,1302.2,1304.5,1301.3,1303.4,1452475
175,2025-04-25 09:15:00+05:30,1303.5,1325.2,1290.1,1298.4,5321231
176,2025-04-25 10:15:00+05:30,1298.0,1302.9,1292.1,1296.8,1925879
177,2025-04-25 11:15:00+05:30,1296.4,1297.4,1288.1,1293.2,1459476
178,2025-04-25 12:15:00+05:30,1293.2,1303.0,1292.5,1300.0,1346173
179,2025-04-25 13:15:00+05:30,1299.9,1309.9,1299.1,1301.4,1262202
180,2025-04-25 14:15:00+05:30,1301.4,1305.0,1296.2,1297.4,2028474
181,2025-04-25 15:15:00+05:30,1297.8,1302.9,1297.1,1300.9,977959
182,2025-04-28 09:15:00+05:30,1340.0,1352.0,1320.2,1348.3,9360881
183,2025-04-28 10:15:00+05:30,1348.0,1358.0,1348.0,1354.5,4286066
184,2025-04-28 11:15:00+05:30,1354.5,1362.6,1351.0,1360.7,2819665
185,2025-04-28 12:15:00+05:30,1360.6,1368.3,1360.0,1368.1,3459635
186,2025-04-28 13:15:00+05:30,1368.1,1374.6,1366.0,1371.3,4071728
187,2025-04-28 14:15:00+05:30,1371.4,1371.8,1362.0,1370.3,4349994
188,2025-04-28 15:15:00+05:30,1370.4,1371.0,1365.7,1366.6,1857561
189,2025-04-29 09:15:00+05:30,1371.0,1392.0,1370.0,1387.1,8250883
190,2025-04-29 10:15:00+05:30,1387.1,1396.9,1385.5,1394.8,4915206
191,2025-04-29 11:15:00+05:30,1394.9,1406.1,1393.3,1405.0,5498406
192,2025-04-29 12:15:00+05:30,1405.0,1410.9,1403.8,1406.7,3180911
193,2025-04-29 13:15:00+05:30,1406.6,1408.0,1404.0,1405.3,2207124
194,2025-04-29 14:15:00+05:30,1405.3,1405.7,1397.1,1399.0,5651485
195,2025-04-29 15:15:00+05:30,1399.0,1403.0,1398.0,1398.6,2673768
196,2025-04-30 09:15:00+05:30,1402.0,1405.5,1388.1,1401.0,4113979
197,2025-04-30 10:15:00+05:30,1401.0,1404.5,1396.1,1402.8,1906553
198,2025-04-30 11:15:00+05:30,1403.0,1409.4,1402.0,1409.1,2281845
199,2025-04-30 12:15:00+05:30,1409.0,1412.4,1407.2,1410.5,2660553
200,2025-04-30 13:15:00+05:30,1410.5,1411.2,1406.9,1409.9,2703562
201,2025-04-30 14:15:00+05:30,1409.9,1412.1,1406.2,1406.4,6416720
202,2025-04-30 15:15:00+05:30,1406.3,1407.9,1369.0,1394.0,5165537
203,2025-05-02 09:15:00+05:30,1414.0,1426.0,1409.1,1423.8,3529672
204,2025-05-02 10:15:00+05:30,1424.0,1426.7,1415.1,1418.9,1899416
205,2025-05-02 11:15:00+05:30,1418.9,1422.0,1413.9,1416.9,1364476
206,2025-05-02 12:15:00+05:30,1416.9,1419.7,1412.6,1416.4,2380694
207,2025-05-02 13:15:00+05:30,1416.4,1421.0,1416.2,1418.2,2164880
208,2025-05-02 14:15:00+05:30,1418.3,1423.5,1416.2,1422.4,2998214
209,2025-05-02 15:15:00+05:30,1422.4,1424.1,1420.0,1422.5,2804217
210,2025-05-05 09:15:00+05:30,1431.0,1439.5,1428.6,1435.5,3291749
211,2025-05-05 10:15:00+05:30,1435.5,1436.8,1426.9,1429.0,1678158
212,2025-05-05 11:15:00+05:30,1429.0,1434.0,1427.6,1432.7,1071728
213,2025-05-05 12:15:00+05:30,1432.7,1434.0,1431.0,1432.3,1220968
214,2025-05-05 13:15:00+05:30,1432.2,1433.4,1429.5,1429.5,1557432
215,2025-05-05 14:15:00+05:30,1429.5,1432.9,1428.2,1430.7,2301562
216,2025-05-05 15:15:00+05:30,1430.8,1432.3,1429.5,1430.0,1444624
217,2025-05-06 09:15:00+05:30,1431.0,1432.0,1416.8,1417.6,3851010
218,2025-05-06 10:15:00+05:30,1417.8,1419.8,1413.3,1414.7,1468860
219,2025-05-06 11:15:00+05:30,1414.6,1420.8,1410.6,1420.1,1572335
220,2025-05-06 12:15:00+05:30,1420.1,1420.1,1416.7,1418.1,813571
221,2025-05-06 13:15:00+05:30,1417.9,1420.8,1416.7,1419.0,1410104
222,2025-05-06 14:15:00+05:30,1419.0,1423.0,1416.0,1420.1,3392440
223,2025-05-06 15:15:00+05:30,1420.1,1422.0,1418.0,1418.0,1456590
224,2025-05-07 09:15:00+05:30,1420.9,1424.4,1410.5,1411.8,3112661
225,2025-05-07 10:15:00+05:30,1411.8,1417.9,1410.9,1415.0,1138103
226,2025-05-07 11:15:00+05:30,1415.0,1421.6,1414.6,1416.9,761933
227,2025-05-07 12:15:00+05:30,1416.6,1418.5,1415.5,1416.0,857531
228,2025-05-07 13:15:00+05:30,1416.1,1416.5,1412.2,1416.1,1283757
229,2025-05-07 14:15:00+05:30,1416.1,1416.2,1405.6,1405.7,3561851
230,2025-05-07 15:15:00+05:30,1405.8,1407.1,1402.7,1405.9,2311237
231,2025-05-08 09:15:00+05:30,1404.1,1413.5,1398.1,1411.2,2299161
232,2025-05-08 10:15:00+05:30,1411.2,1418.4,1409.3,1416.1,1245778
233,2025-05-08 11:15:00+05:30,1415.9,1419.2,1415.0,1418.6,838156
234,2025-05-08 12:15:00+05:30,1418.5,1420.8,1415.9,1416.8,1630550
235,2025-05-08 13:15:00+05:30,1416.8,1418.6,1413.6,1415.0,1757663
236,2025-05-08 14:15:00+05:30,1415.0,1415.9,1405.9,1408.4,5382904
237,2025-05-08 15:15:00+05:30,1408.3,1408.4,1398.0,1398.0,2799727
238,2025-05-09 09:15:00+05:30,1385.5,1394.8,1376.8,1384.4,4324401
239,2025-05-09 10:15:00+05:30,1384.7,1386.5,1379.3,1383.6,1530638
240,2025-05-09 11:15:00+05:30,1383.4,1390.3,1382.0,1384.0,1514556
241,2025-05-09 12:15:00+05:30,1384.0,1384.2,1378.0,1379.2,997803
242,2025-05-09 13:15:00+05:30,1379.2,1380.3,1375.5,1379.9,1136410
243,2025-05-09 14:15:00+05:30,1379.9,1382.3,1374.5,1376.9,2851521
244,2025-05-09 15:15:00+05:30,1376.9,1380.8,1376.7,1379.5,1106261
245,2025-05-12 09:15:00+05:30,1400.0,1426.8,1400.0,1423.8,2794376
246,2025-05-12 10:15:00+05:30,1423.8,1426.0,1420.0,1422.5,1178392
247,2025-05-12 11:15:00+05:30,1422.7,1425.4,1420.5,1422.2,1005066
248,2025-05-12 12:15:00+05:30,1422.1,1425.4,1420.0,1422.9,831083
249,2025-05-12 13:15:00+05:30,1422.8,1431.8,1422.6,1430.7,1665612
250,2025-05-12 14:15:00+05:30,1430.7,1437.0,1429.4,1436.5,2299104
251,2025-05-12 15:15:00+05:30,1436.5,1439.0,1436.1,1436.5,741358
252,2025-05-13 09:15:00+05:30,1433.5,1447.7,1425.0,1431.5,2197562
253,2025-05-13 10:15:00+05:30,1431.8,1436.0,1422.3,1427.7,1225395
254,2025-05-13 11:15:00+05:30,1428.0,1435.0,1424.7,1428.2,868847
255,2025-05-13 12:15:00+05:30,1428.1,1429.5,1418.4,1422.6,1525718
256,2025-05-13 13:15:00+05:30,1422.1,1422.8,1416.3,1420.0,1106378
257,2025-05-13 14:15:00+05:30,1420.0,1423.5,1412.8,1413.8,2948157
258,2025-05-13 15:15:00+05:30,1413.7,1417.0,1412.4,1416.2,1453353
259,2025-05-14 09:15:00+05:30,1420.0,1429.7,1419.1,1429.0,1268867
260,2025-05-14 10:15:00+05:30,1429.0,1429.9,1423.4,1424.9,578278
261,2025-05-14 11:15:00+05:30,1424.9,1427.0,1418.3,1422.9,545769
262,2025-05-14 12:15:00+05:30,1422.9,1424.0,1415.5,1422.4,530449
263,2025-05-14 13:15:00+05:30,1422.4,1424.9,1417.9,1419.0,664626
264,2025-05-14 14:15:00+05:30,1418.8,1426.0,1416.5,1424.6,1388490
265,2025-05-14 15:15:00+05:30,1424.5,1427.0,1422.6,1425.4,534003
266,2025-05-15 09:15:00+05:30,1425.0,1426.0,1412.7,1415.9,2257960
267,2025-05-15 10:15:00+05:30,1415.8,1432.8,1414.4,1423.1,1727659
268,2025-05-15 11:15:00+05:30,1423.1,1427.4,1420.2,1423.0,939796
269,2025-05-15 12:15:00+05:30,1423.0,1437.9,1420.1,1437.3,2197468
270,2025-05-15 13:15:00+05:30,1437.4,1455.6,1435.0,1453.8,5645233
271,2025-05-15 14:15:00+05:30,1454.0,1461.4,1451.8,1452.9,5373439
272,2025-05-15 15:15:00+05:30,1452.6,1456.2,1451.0,1453.0,1960805
273,2025-05-16 09:15:00+05:30,1453.2,1457.4,1447.3,1453.1,2018268
274,2025-05-16 10:15:00+05:30,1453.1,1455.0,1450.6,1452.3,879982
275,2025-05-16 11:15:00+05:30,1452.1,1455.9,1450.9,1451.1,921259
276,2025-05-16 12:15:00+05:30,1451.1,1458.0,1451.1,1457.8,784990
277,2025-05-16 13:15:00+05:30,1458.0,1461.0,1455.6,1458.6,1946397
278,2025-05-16 14:15:00+05:30,1458.4,1459.4,1454.6,1455.8,1782398
279,2025-05-16 15:15:00+05:30,1455.8,1457.0,1454.2,1454.5,604533
280,2025-05-19 09:15:00+05:30,1452.1,1454.6,1444.0,1448.8,958273
281,2025-05-19 10:15:00+05:30,1448.8,1449.9,1445.0,1448.8,538143
282,2025-05-19 11:15:00+05:30,1448.8,1451.0,1445.6,1445.9,441956
283,2025-05-19 12:15:00+05:30,1445.9,1445.9,1441.9,1442.1,878437
284,2025-05-19 13:15:00+05:30,1442.5,1444.5,1440.1,1441.5,615952
285,2025-05-19 14:15:00+05:30,1441.5,1443.1,1438.2,1440.3,2024607
286,2025-05-19 15:15:00+05:30,1440.3,1444.2,1439.6,1442.2,680793
287,2025-05-20 09:15:00+05:30,1438.2,1444.6,1434.4,1436.4,1252742
288,2025-05-20 10:15:00+05:30,1436.7,1445.0,1432.8,1441.8,762107
289,2025-05-20 11:15:00+05:30,1441.8,1441.8,1435.1,1435.7,454134
290,2025-05-20 12:15:00+05:30,1435.7,1436.8,1431.2,1432.4,1050847
291,2025-05-20 13:15:00+05:30,1432.4,1432.4,1427.7,1429.9,1357498
292,2025-05-20 14:15:00+05:30,1429.7,1431.0,1423.3,1423.7,4343331
293,2025-05-20 15:15:00+05:30,1423.7,1425.0,1421.8,1424.5,1897397
294,2025-05-21 09:15:00+05:30,1423.9,1431.0,1418.1,1428.9,1042572
295,2025-05-21 10:15:00+05:30,1428.9,1435.7,1428.9,1434.0,917908
296,2025-05-21 11:15:00+05:30,1434.1,1436.2,1422.2,1422.2,583989
297,2025-05-21 12:15:00+05:30,1422.4,1427.5,1419.8,1426.1,851289
298,2025-05-21 13:15:00+05:30,1426.5,1429.7,1422.2,1426.6,508831
299,2025-05-21 14:15:00+05:30,1426.6,1431.0,1425.1,1428.7,1367171
300,2025-05-21 15:15:00+05:30,1428.7,1430.0,1427.5,1428.2,819450
301,2025-05-22 09:15:00+05:30,1421.2,1423.8,1405.7,1406.7,2129256
302,2025-05-22 10:15:00+05:30,1406.7,1410.8,1405.4,1406.5,1222082
303,2025-05-22 11:15:00+05:30,1406.5,1408.9,1403.7,1407.4,1439301
304,2025-05-22 12:15:00+05:30,1407.7,1407.8,1402.5,1405.5,1110703
305,2025-05-22 13:15:00+05:30,1405.5,1406.5,1400.6,1402.0,1695240
306,2025-05-22 14:15:00+05:30,1401.6,1410.7,1396.9,1410.3,3558777
307,2025-05-22 15:15:00+05:30,1410.3,1411.8,1408.9,1411.5,933492
308,2025-05-23 09:15:00+05:30,1406.6,1423.7,1406.6,1421.0,1581216
309,2025-05-23 10:15:00+05:30,1421.0,1431.0,1416.5,1430.5,980122
310,2025-05-23 11:15:00+05:30,1430.7,1431.7,1426.4,1431.5,657544
311,2025-05-23 12:15:00+05:30,1431.4,1433.8,1428.5,1428.6,646000
312,2025-05-23 13:15:00+05:30,1428.8,1430.5,1426.0,1426.8,736320
313,2025-05-23 14:15:00+05:30,1426.9,1428.8,1424.0,1426.0,1241577
314,2025-05-23 15:15:00+05:30,1426.0,1428.5,1425.9,1426.0,542330
315,2025-05-26 09:15:00+05:30,1432.0,1441.0,1425.1,1438.5,1163056
316,2025-05-26 10:15:00+05:30,1438.5,1438.9,1433.0,1437.4,831603
317,2025-05-26 11:15:00+05:30,1437.4,1440.5,1436.1,1439.4,681600
318,2025-05-26 12:15:00+05:30,1439.4,1440.5,1436.0,1436.8,514921
319,2025-05-26 13:15:00+05:30,1436.9,1440.8,1436.0,1437.6,514476
320,2025-05-26 14:15:00+05:30,1437.1,1438.2,1433.5,1434.1,744571
321,2025-05-26 15:15:00+05:30,1434.3,1435.9,1433.5,1435.9,325724
322,2025-05-27 09:15:00+05:30,1426.1,1429.7,1416.0,1418.3,2234570
323,2025-05-27 10:15:00+05:30,1417.8,1433.4,1416.0,1424.5,1371439
324,2025-05-27 11:15:00+05:30,1424.8,1437.0,1424.7,1430.3,1049486
325,2025-05-27 12:15:00+05:30,1430.3,1431.0,1418.8,1421.1,1336711
326,2025-05-27 13:15:00+05:30,1421.1,1423.8,1416.7,1417.7,1310868
327,2025-05-27 14:15:00+05:30,1417.7,1425.0,1413.9,1421.6,3645167
328,2025-05-27 15:15:00+05:30,1421.6,1424.9,1419.1,1424.2,1557526
329,2025-05-28 09:15:00+05:30,1420.1,1422.6,1412.5,1413.5,1649837
330,2025-05-28 10:15:00+05:30,1413.5,1417.3,1411.0,1415.1,1058666
331,2025-05-28 11:15:00+05:30,1415.0,1417.4,1413.0,1414.0,462216
332,2025-05-28 12:15:00+05:30,1414.1,1418.9,1413.9,1416.3,631357
333,2025-05-28 13:15:00+05:30,1416.3,1418.5,1414.5,1415.8,639599
334,2025-05-28 14:15:00+05:30,1415.8,1417.8,1412.0,1412.0,881861
335,2025-05-28 15:15:00+05:30,1412.0,1413.1,1410.7,1412.5,577646
336,2025-05-29 09:15:00+05:30,1412.1,1420.0,1412.0,1413.9,2226347
337,2025-05-29 10:15:00+05:30,1414.4,1415.5,1410.9,1412.8,1452022
338,2025-05-29 11:15:00+05:30,1412.8,1414.6,1411.9,1412.3,1157750
339,2025-05-29 12:15:00+05:30,1412.4,1414.8,1408.6,1414.0,1999275
340,2025-05-29 13:15:00+05:30,1414.0,1415.0,1411.0,1412.1,1513922
341,2025-05-29 14:15:00+05:30,1412.1,1419.6,1410.9,1419.0,3724605
342,2025-05-29 15:15:00+05:30,1419.0,1420.0,1416.0,1418.4,1561757
343,2025-05-30 09:15:00+05:30,1418.0,1430.6,1413.4,1422.0,2335523
344,2025-05-30 10:15:00+05:30,1422.1,1422.2,1414.0,1417.5,769639
345,2025-05-30 11:15:00+05:30,1417.5,1419.9,1411.2,1412.7,709365
346,2025-05-30 12:15:00+05:30,1412.7,1416.0,1409.7,1415.9,784110
347,2025-05-30 13:15:00+05:30,1415.6,1417.8,1413.4,1413.4,707365
348,2025-05-30 14:15:00+05:30,1413.4,1427.6,1413.1,1422.2,4972895
349,2025-05-30 15:15:00+05:30,1422.2,1422.2,1416.6,1417.5,3442433
350,2025-06-02 09:15:00+05:30,1412.1,1414.9,1395.6,1400.2,2196991
351,2025-06-02 10:15:00+05:30,1400.2,1406.3,1398.0,1405.3,1160961
352,2025-06-02 11:15:00+05:30,1405.2,1410.0,1405.0,1408.8,768230
353,2025-06-02 12:15:00+05:30,1408.8,1417.5,1408.8,1413.5,875853
354,2025-06-02 13:15:00+05:30,1413.6,1416.4,1411.4,1412.2,661821
355,2025-06-02 14:15:00+05:30,1412.3,1416.9,1409.0,1414.0,1419951
356,2025-06-02 15:15:00+05:30,1414.0,1414.7,1411.0,1412.6,906871
357,2025-06-03 09:15:00+05:30,1422.3,1426.5,1408.5,1415.2,1908258
358,2025-06-03 10:15:00+05:30,1415.2,1425.5,1411.0,1411.3,1622424
359,2025-06-03 11:15:00+05:30,1411.3,1421.5,1410.0,1419.8,1011590
360,2025-06-03 12:15:00+05:30,1419.9,1422.0,1408.2,1410.7,1379782
361,2025-06-03 13:15:00+05:30,1410.3,1412.2,1406.7,1409.0,1634048
362,2025-06-03 14:15:00+05:30,1408.7,1412.1,1404.1,1404.7,2525583
363,2025-06-03 15:15:00+05:30,1404.7,1406.4,1403.4,1405.4,1017540
364,2025-06-04 09:15:00+05:30,1414.7,1414.8,1406.1,1408.1,2162302
365,2025-06-04 10:15:00+05:30,1408.2,1411.1,1407.5,1408.0,348311
366,2025-06-04 11:15:00+05:30,1408.0,1413.9,1407.2,1413.1,851298
367,2025-06-04 12:15:00+05:30,1413.0,1415.8,1409.9,1415.1,565340
368,2025-06-04 13:15:00+05:30,1415.1,1419.6,1413.8,1418.4,615047
369,2025-06-04 14:15:00+05:30,1418.4,1425.7,1418.0,1424.0,2588396
370,2025-06-04 15:15:00+05:30,1423.9,1424.3,1420.1,1421.0,889639
371,2025-06-05 09:15:00+05:30,1428.0,1444.6,1423.6,1441.4,3221461
372,2025-06-05 10:15:00+05:30,1441.4,1444.7,1440.6,1443.4,1344172
373,2025-06-05 11:15:00+05:30,1443.3,1452.7,1442.0,1452.0,1810888
374,2025-06-05 12:15:00+05:30,1452.5,1454.7,1446.1,1446.9,1141548
375,2025-06-05 13:15:00+05:30,1446.8,1448.0,1441.6,1442.6,1011893
376,2025-06-05 14:15:00+05:30,1442.5,1448.0,1440.8,1442.5,3387287
377,2025-06-05 15:15:00+05:30,1442.4,1444.6,1440.8,1442.7,1719652
378,2025-06-06 09:15:00+05:30,1441.0,1447.8,1437.0,1445.9,2374723
379,2025-06-06 10:15:00+05:30,1446.3,1451.5,1444.2,1448.7,1328754
380,2025-06-06 11:15:00+05:30,1449.0,1451.0,1446.0,1447.2,960501
381,2025-06-06 12:15:00+05:30,1446.9,1448.0,1444.4,1445.9,695708
382,2025-06-06 13:15:00+05:30,1445.9,1446.0,1441.5,1442.1,840788
383,2025-06-06 14:15:00+05:30,1442.2,1444.7,1441.4,1443.4,1119884
384,2025-06-06 15:15:00+05:30,1443.4,1444.4,1441.6,1443.0,719525
385,2025-06-09 09:15:00+05:30,1457.0,1457.5,1445.8,1446.6,1721415
386,2025-06-09 10:15:00+05:30,1446.6,1451.4,1445.8,1450.8,905885
387,2025-06-09 11:15:00+05:30,1451.2,1452.4,1448.1,1452.1,1731638
388,2025-06-09 12:15:00+05:30,1452.3,1453.0,1447.8,1447.8,713830
389,2025-06-09 13:15:00+05:30,1447.9,1449.0,1445.9,1446.0,745930
390,2025-06-09 14:15:00+05:30,1446.2,1449.7,1445.3,1449.1,1382323
391,2025-06-09 15:15:00+05:30,1449.2,1449.5,1447.1,1447.2,516639
392,2025-06-10 09:15:00+05:30,1450.0,1453.9,1445.8,1450.9,1261336
393,2025-06-10 10:15:00+05:30,1450.9,1451.3,1446.0,1446.2,475556
394,2025-06-10 11:15:00+05:30,1446.2,1448.3,1442.4,1442.9,640420
395,2025-06-10 12:15:00+05:30,1442.9,1445.1,1440.1,1440.6,695989
396,2025-06-10 13:15:00+05:30,1440.6,1443.5,1440.0,1440.6,925253
397,2025-06-10 14:15:00+05:30,1440.3,1442.6,1437.1,1438.1,2614054
398,2025-06-10 15:15:00+05:30,1438.2,1440.0,1436.0,1437.3,1267203
399,2025-06-11 09:15:00+05:30,1445.8,1468.6,1443.1,1456.8,3041076
400,2025-06-11 10:15:00+05:30,1457.5,1462.9,1453.8,1461.2,936200
401,2025-06-11 11:15:00+05:30,1461.2,1464.3,1461.1,1462.1,554255
402,2025-06-11 12:15:00+05:30,1462.2,1463.0,1460.4,1461.2,461664
403,2025-06-11 13:15:00+05:30,1460.9,1462.0,1451.0,1451.9,971930
404,2025-06-11 14:15:00+05:30,1451.9,1453.7,1448.4,1448.9,1390192
405,2025-06-11 15:15:00+05:30,1449.0,1449.0,1447.9,1448.2,710113
406,2025-06-12 09:15:00+05:30,1453.5,1457.0,1446.1,1449.8,1090450
407,2025-06-12 10:15:00+05:30,1449.1,1452.2,1445.1,1449.2,716090
408,2025-06-12 11:15:00+05:30,1449.2,1451.9,1448.1,1449.6,670286
409,2025-06-12 12:15:00+05:30,1449.4,1451.0,1446.1,1450.6,428578
410,2025-06-12 13:15:00+05:30,1450.6,1451.5,1434.4,1437.8,1247441
411,2025-06-12 14:15:00+05:30,1437.8,1445.1,1436.9,1442.4,3443320
412,2025-06-12 15:15:00+05:30,1442.4,1442.4,1437.1,1439.5,1196229
413,2025-06-13 09:15:00+05:30,1424.0,1429.6,1414.3,1417.3,3301332
414,2025-06-13 10:15:00+05:30,1417.3,1422.9,1416.7,1422.3,1752857
415,2025-06-13 11:15:00+05:30,1422.3,1434.0,1422.0,1432.0,1040637
416,2025-06-13 12:15:00+05:30,1432.0,1435.5,1428.8,1429.8,711077
417,2025-06-13 13:15:00+05:30,1429.7,1431.7,1428.1,1429.0,575242
418,2025-06-13 14:15:00+05:30,1429.0,1431.0,1425.2,1428.2,1598404
419,2025-06-13 15:15:00+05:30,1428.1,1428.7,1426.3,1427.5,702463
420,2025-06-16 09:15:00+05:30,1426.9,1433.0,1424.4,1430.2,1235760
421,2025-06-16 10:15:00+05:30,1430.2,1442.4,1429.8,1438.5,1647703
422,2025-06-16 11:15:00+05:30,1438.6,1439.7,1434.1,1436.5,967946
423,2025-06-16 12:15:00+05:30,1436.5,1441.6,1434.8,1438.2,1112406
424,2025-06-16 13:15:00+05:30,1438.2,1442.0,1436.9,1440.0,951063
425,2025-06-16 14:15:00+05:30,1440.0,1441.0,1437.3,1438.0,1438715
426,2025-06-16 15:15:00+05:30,1438.0,1439.0,1435.7,1436.9,1059079
427,2025-06-17 09:15:00+05:30,1448.0,1448.0,1429.5,1429.8,2167714
428,2025-06-17 10:15:00+05:30,1429.7,1431.7,1425.8,1428.9,1601856
429,2025-06-17 11:15:00+05:30,1428.9,1433.0,1428.3,1428.8,602124
430,2025-06-17 12:15:00+05:30,1428.8,1434.9,1428.6,1434.7,824221
431,2025-06-17 13:15:00+05:30,1434.7,1435.9,1430.0,1430.1,865723
432,2025-06-17 14:15:00+05:30,1430.1,1434.0,1429.2,1430.6,2041978
433,2025-06-17 15:15:00+05:30,1430.5,1436.0,1427.2,1430.0,2149947
434,2025-06-18 09:15:00+05:30,1430.0,1442.8,1428.0,1437.8,1298651
435,2025-06-18 10:15:00+05:30,1437.8,1438.7,1429.9,1431.8,825351
436,2025-06-18 11:15:00+05:30,1431.8,1432.3,1428.0,1431.3,578376
437,2025-06-18 12:15:00+05:30,1431.3,1431.4,1425.7,1427.3,969271
438,2025-06-18 13:15:00+05:30,1427.3,1430.8,1427.0,1428.4,755590
439,2025-06-18 14:15:00+05:30,1428.6,1430.8,1427.2,1429.9,1442858
440,2025-06-18 15:15:00+05:30,1430.0,1432.7,1429.1,1429.8,749558
441,2025-06-19 09:15:00+05:30,1430.1,1434.8,1425.7,1430.7,1058086
442,2025-06-19 10:15:00+05:30,1430.7,1436.5,1429.7,1436.0,719576
443,2025-06-19 11:15:00+05:30,1436.0,1437.0,1433.8,1434.8,817917
444,2025-06-19 12:15:00+05:30,1435.0,1439.5,1434.3,1434.4,1042039
445,2025-06-19 13:15:00+05:30,1434.6,1437.6,1431.0,1437.3,1230836
446,2025-06-19 14:15:00+05:30,1437.1,1439.9,1430.0,1433.5,3486436
447,2025-06-19 15:15:00+05:30,1433.5,1436.8,1427.3,1427.8,1605188
448,2025-06-20 09:15:00+05:30,1431.0,1447.8,1428.1,1447.8,1363191
449,2025-06-20 10:15:00+05:30,1447.8,1458.9,1447.7,1454.7,2145429
450,2025-06-20 11:15:00+05:30,1454.8,1455.8,1450.7,1451.3,910478
451,2025-06-20 12:15:00+05:30,1451.8,1453.0,1446.8,1451.7,785593
452,2025-06-20 13:15:00+05:30,1451.7,1455.7,1451.4,1454.4,816702
453,2025-06-20 14:15:00+05:30,1454.4,1469.0,1452.5,1467.5,12773314
454,2025-06-20 15:15:00+05:30,1467.2,1471.0,1463.4,1464.1,10102853
455,2025-06-23 09:15:00+05:30,1453.0,1460.6,1442.0,1446.7,1574343
456,2025-06-23 10:15:00+05:30,1446.7,1452.5,1446.4,1452.2,685309
457,2025-06-23 11:15:00+05:30,1452.3,1455.5,1451.1,1453.8,970602
458,2025-06-23 12:15:00+05:30,1453.8,1457.3,1453.3,1455.8,545717
459,2025-06-23 13:15:00+05:30,1456.0,1463.8,1455.4,1458.9,810200
460,2025-06-23 14:15:00+05:30,1458.9,1459.0,1454.2,1456.3,866203
461,2025-06-23 15:15:00+05:30,1456.1,1457.2,1455.1,1456.0,423473
462,2025-06-24 09:15:00+05:30,1465.0,1475.0,1462.7,1470.2,2019353
463,2025-06-24 10:15:00+05:30,1470.4,1471.9,1463.4,1469.2,963576
464,2025-06-24 11:15:00+05:30,1469.1,1472.5,1468.8,1471.3,1303062
465,2025-06-24 12:15:00+05:30,1471.2,1471.3,1457.0,1460.1,1804167
466,2025-06-24 13:15:00+05:30,1460.3,1461.8,1445.6,1449.3,2677947
467,2025-06-24 14:15:00+05:30,1449.9,1452.4,1443.1,1452.4,5486233
468,2025-06-24 15:15:00+05:30,1452.4,1457.6,1449.7,1456.8,1998119
469,2025-06-25 09:15:00+05:30,1464.0,1469.0,1460.5,1466.4,1462889
470,2025-06-25 10:15:00+05:30,1466.3,1472.4,1466.1,1469.4,1095572
471,2025-06-25 11:15:00+05:30,1469.4,1471.0,1468.2,1469.2,683169
472,2025-06-25 12:15:00+05:30,1469.2,1470.0,1464.6,1467.7,1001562
473,2025-06-25 13:15:00+05:30,1467.7,1469.7,1466.5,1468.5,813037
474,2025-06-25 14:15:00+05:30,1468.5,1470.0,1464.4,1467.2,1684385
475,2025-06-25 15:15:00+05:30,1467.1,1468.5,1466.6,1467.6,654322
476,2025-06-26 09:15:00+05:30,1469.1,1488.0,1465.1,1485.0,2905726
477,2025-06-26 10:15:00+05:30,1485.0,1487.0,1480.5,1485.4,1356690
478,2025-06-26 11:15:00+05:30,1485.4,1486.0,1479.5,1481.9,845577
479,2025-06-26 12:15:00+05:30,1482.0,1487.5,1481.6,1484.2,1041439
480,2025-06-26 13:15:00+05:30,1484.2,1497.0,1484.1,1495.1,2166659
481,2025-06-26 14:15:00+05:30,1495.4,1498.8,1487.2,1494.6,4606837
482,2025-06-26 15:15:00+05:30,1494.4,1497.0,1493.9,1495.9,1680835
483,2025-06-27 09:15:00+05:30,1499.4,1509.0,1496.9,1501.4,2077794
484,2025-06-27 10:15:00+05:30,1501.5,1511.9,1500.1,1510.0,1692041
485,2025-06-27 11:15:00+05:30,1510.1,1517.3,1509.8,1517.0,1303652
486,2025-06-27 12:15:00+05:30,1516.9,1519.0,1516.2,1517.5,855345
487,2025-06-27 13:15:00+05:30,1517.5,1522.0,1516.6,1519.5,1393866
488,2025-06-27 14:15:00+05:30,1519.9,1520.3,1514.8,1515.1,2499142
489,2025-06-27 15:15:00+05:30,1515.0,1515.2,1510.6,1514.0,1216259
490,2025-06-30 09:15:00+05:30,1513.8,1524.4,1506.5,1523.9,2374642
491,2025-06-30 10:15:00+05:30,1524.0,1524.8,1512.4,1515.0,1086290
492,2025-06-30 11:15:00+05:30,1515.0,1516.4,1512.1,1515.0,667527
493,2025-06-30 12:15:00+05:30,1515.5,1515.9,1504.0,1504.8,803337
494,2025-06-30 13:15:00+05:30,1504.8,1504.9,1498.1,1498.9,885449
495,2025-06-30 14:15:00+05:30,1498.7,1502.9,1496.0,1500.9,1636346
496,2025-06-30 15:15:00+05:30,1501.0,1501.0,1499.0,1499.9,871873
497,2025-07-01 09:15:00+05:30,1500.6,1521.0,1500.1,1513.0,2127399
498,2025-07-01 10:15:00+05:30,1512.8,1523.0,1511.2,1521.4,1284151
499,2025-07-01 11:15:00+05:30,1521.2,1525.0,1518.1,1523.0,1172674
500,2025-07-01 12:15:00+05:30,1522.8,1531.4,1522.5,1527.7,1663918
501,2025-07-01 13:15:00+05:30,1527.6,1530.9,1526.3,1530.9,902785
502,2025-07-01 14:15:00+05:30,1530.8,1530.9,1523.6,1527.9,1985935
503,2025-07-01 15:15:00+05:30,1528.0,1529.8,1526.1,1526.8,1138911
504,2025-07-02 09:15:00+05:30,1528.4,1530.0,1518.0,1521.5,1167205
505,2025-07-02 10:15:00+05:30,1521.5,1524.8,1519.0,1519.2,738239
506,2025-07-02 11:15:00+05:30,1519.2,1520.0,1514.2,1518.3,890479
507,2025-07-02 12:15:00+05:30,1518.4,1518.9,1511.2,1513.5,646664
508,2025-07-02 13:15:00+05:30,1513.6,1513.9,1508.7,1512.3,648877
509,2025-07-02 14:15:00+05:30,1512.3,1521.2,1510.5,1518.2,1609484
510,2025-07-02 15:15:00+05:30,1518.3,1519.6,1515.8,1517.1,589244
511,2025-07-03 09:15:00+05:30,1520.8,1526.0,1513.0,1523.9,1561123
512,2025-07-03 10:15:00+05:30,1523.5,1530.0,1522.1,1530.0,778185
513,2025-07-03 11:15:00+05:30,1529.8,1531.2,1526.0,1527.9,994737
514,2025-07-03 12:15:00+05:30,1527.8,1528.1,1525.0,1525.9,374926
515,2025-07-03 13:15:00+05:30,1525.9,1531.9,1525.0,1526.9,694008
516,2025-07-03 14:15:00+05:30,1526.9,1527.3,1513.1,1514.8,4301174
517,2025-07-03 15:15:00+05:30,1515.0,1522.3,1514.3,1515.0,2504239
518,2025-07-04 09:15:00+05:30,1524.0,1525.3,1517.8,1522.2,1725067
519,2025-07-04 10:15:00+05:30,1522.2,1528.6,1520.0,1525.0,894143
520,2025-07-04 11:15:00+05:30,1525.0,1526.0,1517.2,1523.9,1017828
521,2025-07-04 12:15:00+05:30,1523.8,1524.0,1518.7,1519.8,403846
522,2025-07-04 13:15:00+05:30,1519.8,1523.5,1518.1,1522.0,558617
523,2025-07-04 14:15:00+05:30,1522.0,1527.7,1520.5,1527.5,1248827
524,2025-07-04 15:15:00+05:30,1527.5,1530.0,1526.2,1528.0,697389
525,2025-07-07 09:15:00+05:30,1526.6,1539.5,1525.0,1535.2,1266671
526,2025-07-07 10:15:00+05:30,1534.9,1539.4,1534.7,1536.2,858402
527,2025-07-07 11:15:00+05:30,1536.3,1538.7,1533.9,1535.5,519917
528,2025-07-07 12:15:00+05:30,1535.6,1542.0,1534.3,1541.3,1018554
529,2025-07-07 13:15:00+05:30,1541.5,1544.8,1539.8,1542.8,1025290
530,2025-07-07 14:15:00+05:30,1542.8,1543.7,1538.5,1542.3,1780680
531,2025-07-07 15:15:00+05:30,1542.4,1542.5,1539.0,1540.5,736193
532,2025-07-08 09:15:00+05:30,1536.0,1541.2,1534.6,1536.5,939513
533,2025-07-08 10:15:00+05:30,1536.5,1539.9,1532.9,1539.0,729026
534,2025-07-08 11:15:00+05:30,1539.0,1543.2,1537.8,1539.8,553883
535,2025-07-08 12:15:00+05:30,1539.8,1540.2,1531.7,1533.2,922945
536,2025-07-08 13:15:00+05:30,1533.2,1535.8,1530.2,1533.0,728290
537,2025-07-08 14:15:00+05:30,1532.9,1540.0,1530.8,1539.0,2040871
538,2025-07-08 15:15:00+05:30,1539.0,1544.9,1537.2,1539.5,1167859
539,2025-07-09 09:15:00+05:30,1536.7,1546.0,1534.0,1543.6,1082069
540,2025-07-09 10:15:00+05:30,1543.8,1547.5,1542.0,1546.7,536341
541,2025-07-09 11:15:00+05:30,1546.7,1549.5,1544.2,1549.5,706718
542,2025-07-09 12:15:00+05:30,1549.5,1551.0,1543.6,1546.6,1129348
543,2025-07-09 13:15:00+05:30,1546.6,1550.0,1545.3,1549.7,840357
544,2025-07-09 14:15:00+05:30,1549.8,1549.9,1510.1,1519.3,3653351
545,2025-07-09 15:15:00+05:30,1519.3,1522.0,1517.1,1520.5,873319
546,2025-07-10 09:15:00+05:30,1519.7,1524.7,1514.0,1515.2,1383185
547,2025-07-10 10:15:00+05:30,1515.2,1516.0,1508.1,1510.0,768481
548,2025-07-10 11:15:00+05:30,1510.0,1512.6,1507.5,1508.1,524483
549,2025-07-10 12:15:00+05:30,1508.0,1518.5,1507.6,1516.1,911957
550,2025-07-10 13:15:00+05:30,1516.1,1519.8,1513.9,1517.1,1166966
551,2025-07-10 14:15:00+05:30,1517.1,1521.2,1513.3,1517.8,3908253
552,2025-07-10 15:15:00+05:30,1517.9,1520.1,1514.6,1515.2,1335379
553,2025-07-11 09:15:00+05:30,1512.0,1515.0,1497.5,1498.0,1016838
554,2025-07-11 10:15:00+05:30,1498.2,1499.4,1492.0,1495.4,1018781
555,2025-07-11 11:15:00+05:30,1495.4,1495.5,1490.3,1493.5,958525
556,2025-07-11 12:15:00+05:30,1493.5,1495.7,1491.9,1492.9,595766
557,2025-07-11 13:15:00+05:30,1492.8,1495.1,1492.1,1494.1,594209
558,2025-07-11 14:15:00+05:30,1494.1,1498.1,1492.3,1495.4,1851904
559,2025-07-11 15:15:00+05:30,1495.3,1495.4,1493.3,1494.0,1145785
560,2025-07-14 09:15:00+05:30,1492.2,1500.0,1487.8,1498.0,1752909
561,2025-07-14 10:15:00+05:30,1498.3,1498.7,1491.2,1493.8,1593282
562,2025-07-14 11:15:00+05:30,1493.8,1493.8,1483.8,1487.4,1431084
563,2025-07-14 12:15:00+05:30,1487.3,1488.1,1482.4,1483.3,804959
564,2025-07-14 13:15:00+05:30,1483.3,1486.4,1479.1,1482.6,870479
565,2025-07-14 14:15:00+05:30,1482.6,1487.4,1480.9,1483.3,2560828
566,2025-07-14 15:15:00+05:30,1483.4,1486.9,1482.7,1486.4,1248051
567,2025-07-15 09:15:00+05:30,1486.2,1494.2,1486.0,1489.2,894531
568,2025-07-15 10:15:00+05:30,1489.0,1496.5,1484.6,1493.4,998269
569,2025-07-15 11:15:00+05:30,1493.4,1494.5,1489.9,1492.7,953842
570,2025-07-15 12:15:00+05:30,1492.7,1493.2,1488.9,1488.9,659143
571,2025-07-15 13:15:00+05:30,1489.0,1489.5,1486.7,1487.4,707707
572,2025-07-15 14:15:00+05:30,1487.5,1488.7,1482.4,1487.1,2920444
573,2025-07-15 15:15:00+05:30,1487.2,1489.7,1486.4,1488.5,970317
574,2025-07-16 09:15:00+05:30,1473.0,1481.2,1471.5,1475.7,1695428
575,2025-07-16 10:15:00+05:30,1475.8,1482.2,1475.0,1479.9,1406611
576,2025-07-16 11:15:00+05:30,1480.0,1483.7,1476.4,1482.8,1068779
577,2025-07-16 12:15:00+05:30,1482.8,1485.5,1479.9,1480.7,1582095
578,2025-07-16 13:15:00+05:30,1480.7,1485.0,1479.4,1485.0,916883
579,2025-07-16 14:15:00+05:30,1485.0,1491.0,1484.0,1485.2,2441690
580,2025-07-16 15:15:00+05:30,1485.4,1486.8,1484.4,1486.2,952369
581,2025-07-17 09:15:00+05:30,1487.4,1489.6,1479.4,1479.9,1323195
582,2025-07-17 10:15:00+05:30,1479.9,1483.2,1477.4,1481.8,1496355
583,2025-07-17 11:15:00+05:30,1481.8,1485.6,1481.3,1482.8,981228
584,2025-07-17 12:15:00+05:30,1482.7,1486.0,1481.8,1481.8,1100346
585,2025-07-17 13:15:00+05:30,1482.2,1483.0,1478.6,1479.0,2542485
586,2025-07-17 14:15:00+05:30,1479.0,1480.6,1473.9,1478.1,3552261
587,2025-07-17 15:15:00+05:30,1477.5,1479.5,1476.6,1478.7,778772
588,2025-07-18 09:15:00+05:30,1484.8,1484.8,1475.1,1477.0,1274648
589,2025-07-18 10:15:00+05:30,1476.6,1476.7,1469.1,1471.3,687777
590,2025-07-18 11:15:00+05:30,1471.3,1473.6,1469.2,1470.8,625498
591,2025-07-18 12:15:00+05:30,1470.7,1475.8,1469.5,1473.9,949067
592,2025-07-18 13:15:00+05:30,1474.0,1477.5,1472.4,1474.8,1674811
593,2025-07-18 14:15:00+05:30,1474.7,1478.9,1473.3,1477.1,3427040
594,2025-07-18 15:15:00+05:30,1477.5,1482.0,1474.4,1476.0,1621911
595,2025-07-21 09:15:00+05:30,1465.0,1476.0,1437.0,1446.9,5036581
596,2025-07-21 10:15:00+05:30,1446.9,1447.3,1442.5,1445.5,1765720
597,2025-07-21 11:15:00+05:30,1445.4,1446.0,1437.1,1437.9,1647834
598,2025-07-21 12:15:00+05:30,1437.9,1438.0,1428.0,1429.3,3554053
599,2025-07-21 13:15:00+05:30,1429.4,1429.4,1423.1,1425.0,2432333
600,2025-07-21 14:15:00+05:30,1425.0,1429.6,1424.1,1429.5,5184326
601,2025-07-21 15:15:00+05:30,1429.6,1430.7,1427.6,1429.0,2547316
602,2025-07-22 09:15:00+05:30,1427.4,1431.9,1417.7,1422.9,4468840
603,2025-07-22 10:15:00+05:30,1422.9,1423.8,1414.0,1414.7,3016984
604,2025-07-22 11:15:00+05:30,1414.8,1416.5,1410.7,1413.1,2318569
605,2025-07-22 12:15:00+05:30,1413.2,1417.7,1412.5,1416.1,2320082
606,2025-07-22 13:15:00+05:30,1416.1,1420.5,1414.2,1416.3,1893687
607,2025-07-22 14:15:00+05:30,1416.3,1417.1,1411.0,1412.6,3861959
608,2025-07-22 15:15:00+05:30,1412.6,1414.8,1412.3,1413.8,2371803
609,2025-07-23 09:15:00+05:30,1426.0,1426.0,1414.4,1418.4,1581169
610,2025-07-23 10:15:00+05:30,1418.4,1421.3,1415.5,1417.5,699837
611,2025-07-23 11:15:00+05:30,1417.5,1421.9,1416.6,1421.3,879139
612,2025-07-23 12:15:00+05:30,1421.1,1422.9,1418.1,1418.6,599862
613,2025-07-23 13:15:00+05:30,1418.7,1423.4,1418.0,1423.0,898335
614,2025-07-23 14:15:00+05:30,1423.1,1425.3,1418.7,1425.1,2197054
615,2025-07-23 15:15:00+05:30,1425.1,1426.0,1424.1,1425.0,940852
616,2025-07-24 09:15:00+05:30,1419.2,1423.0,1413.7,1414.8,2370493
617,2025-07-24 10:15:00+05:30,1414.8,1417.8,1412.3,1413.1,1348194
618,2025-07-24 11:15:00+05:30,1411.6,1411.6,1396.0,1401.5,2913039
619,2025-07-24 12:15:00+05:30,1401.5,1404.9,1400.2,1404.2,1253172
620,2025-07-24 13:15:00+05:30,1404.1,1408.4,1402.1,1407.1,1444744
621,2025-07-24 14:15:00+05:30,1407.1,1409.3,1401.6,1402.9,4036818
622,2025-07-24 15:15:00+05:30,1402.8,1403.2,1401.7,1402.8,1282859
623,2025-07-25 09:15:00+05:30,1398.9,1400.7,1389.2,1389.6,3923214
624,2025-07-25 10:15:00+05:30,1389.3,1394.5,1384.1,1393.8,1742688
625,2025-07-25 11:15:00+05:30,1393.8,1399.3,1392.5,1397.0,1058407
626,2025-07-25 12:15:00+05:30,1397.1,1401.0,1395.0,1396.5,1070024
627,2025-07-25 13:15:00+05:30,1396.5,1397.5,1391.0,1394.5,1083310
628,2025-07-25 14:15:00+05:30,1394.5,1395.9,1391.5,1392.1,1808500
629,2025-07-25 15:15:00+05:30,1392.1,1393.3,1390.3,1391.0,1101214
630,2025-07-28 09:15:00+05:30,1392.3,1400.6,1385.4,1399.1,1756927
631,2025-07-28 10:15:00+05:30,1399.2,1407.8,1398.0,1400.9,1131110
632,2025-07-28 11:15:00+05:30,1400.9,1404.0,1398.3,1399.3,618850
633,2025-07-28 12:15:00+05:30,1399.7,1400.8,1392.4,1393.1,865302
634,2025-07-28 13:15:00+05:30,1393.2,1395.0,1390.1,1392.5,833994
635,2025-07-28 14:15:00+05:30,1392.6,1395.4,1385.7,1385.8,1475105
636,2025-07-28 15:15:00+05:30,1385.8,1389.0,1385.0,1387.1,1045046
637,2025-07-29 09:15:00+05:30,1383.0,1401.8,1383.0,1395.8,2410521
638,2025-07-29 10:15:00+05:30,1395.3,1396.3,1390.7,1391.6,1030355
639,2025-07-29 11:15:00+05:30,1391.6,1397.7,1391.3,1394.5,1042611
640,2025-07-29 12:15:00+05:30,1394.5,1395.0,1391.0,1394.0,586820
641,2025-07-29 13:15:00+05:30,1394.0,1403.3,1393.2,1400.5,1188198
642,2025-07-29 14:15:00+05:30,1400.5,1418.8,1400.0,1415.9,2838001
643,2025-07-29 15:15:00+05:30,1416.0,1420.2,1414.9,1416.6,1398232
644,2025-07-30 09:15:00+05:30,1418.1,1423.3,1407.1,1408.3,1287542
645,2025-07-30 10:15:00+05:30,1408.3,1410.3,1401.3,1409.3,1046996
646,2025-07-30 11:15:00+05:30,1409.3,1416.4,1408.6,1409.2,1036476
647,2025-07-30 12:15:00+05:30,1409.0,1414.6,1408.7,1411.3,724253
648,2025-07-30 13:15:00+05:30,1411.2,1415.3,1409.0,1413.7,838711
649,2025-07-30 14:15:00+05:30,1413.7,1415.4,1408.0,1409.2,1525853
650,2025-07-30 15:15:00+05:30,1409.3,1412.1,1408.3,1411.0,683695
651,2025-07-31 09:15:00+05:30,1388.1,1391.5,1382.2,1387.7,2976254
652,2025-07-31 10:15:00+05:30,1387.8,1396.0,1385.2,1392.9,2027316
653,2025-07-31 11:15:00+05:30,1392.9,1397.0,1390.7,1394.7,2603484
654,2025-07-31 12:15:00+05:30,1394.7,1402.6,1394.6,1399.8,1160679
655,2025-07-31 13:15:00+05:30,1399.7,1401.4,1396.2,1396.2,2270618
656,2025-07-31 14:15:00+05:30,1396.5,1397.6,1388.3,1389.9,3935471
657,2025-07-31 15:15:00+05:30,1389.8,1391.5,1388.6,1391.0,1789244
658,2025-08-01 09:15:00+05:30,1386.9,1403.0,1384.3,1401.4,2429087
659,2025-08-01 10:15:00+05:30,1401.4,1405.9,1397.8,1399.9,1087928
660,2025-08-01 11:15:00+05:30,1399.9,1401.3,1394.5,1400.0,1428548
661,2025-08-01 12:15:00+05:30,1400.0,1404.5,1397.5,1400.5,1292050
662,2025-08-01 13:15:00+05:30,1400.5,1404.2,1398.5,1399.7,1167534
663,2025-08-01 14:15:00+05:30,1399.6,1402.5,1390.0,1392.2,1805846
664,2025-08-01 15:15:00+05:30,1392.1,1395.6,1391.7,1394.0,1047858
665,2025-08-04 09:15:00+05:30,1395.1,1409.5,1391.7,1408.8,1210599
666,2025-08-04 10:15:00+05:30,1408.8,1414.2,1408.0,1413.3,899448
667,2025-08-04 11:15:00+05:30,1413.3,1414.7,1409.7,1414.1,544189
668,2025-08-04 12:15:00+05:30,1414.2,1416.1,1412.1,1412.9,865924
669,2025-08-04 13:15:00+05:30,1412.9,1415.9,1409.5,1414.8,739220
670,2025-08-04 14:15:00+05:30,1415.2,1415.5,1409.5,1410.9,1361256
671,2025-08-04 15:15:00+05:30,1410.8,1412.4,1410.3,1410.4,605303
672,2025-08-05 09:15:00+05:30,1411.0,1411.0,1396.0,1397.2,1587238
673,2025-08-05 10:15:00+05:30,1397.2,1400.0,1394.2,1397.5,1183102
674,2025-08-05 11:15:00+05:30,1397.4,1398.3,1393.0,1396.4,884030
675,2025-08-05 12:15:00+05:30,1396.3,1396.8,1391.3,1392.2,934665
676,2025-08-05 13:15:00+05:30,1392.5,1392.6,1389.0,1390.6,927655
677,2025-08-05 14:15:00+05:30,1390.6,1394.4,1388.1,1393.1,2284465
678,2025-08-05 15:15:00+05:30,1393.1,1393.8,1388.1,1390.0,1459312
679,2025-08-06 09:15:00+05:30,1391.9,1392.8,1383.3,1389.6,1113435
680,2025-08-06 10:15:00+05:30,1389.6,1393.7,1386.6,1390.0,585140
681,2025-08-06 11:15:00+05:30,1390.0,1393.7,1389.3,1390.9,634889
682,2025-08-06 12:15:00+05:30,1390.9,1393.0,1386.4,1390.8,550446
683,2025-08-06 13:15:00+05:30,1390.8,1391.9,1386.5,1390.0,757840
684,2025-08-06 14:15:00+05:30,1390.0,1395.9,1389.8,1393.0,1490609
685,2025-08-06 15:15:00+05:30,1393.1,1393.7,1390.7,1392.9,655859
686,2025-08-07 09:15:00+05:30,1387.7,1390.7,1382.1,1382.3,887176
687,2025-08-07 10:15:00+05:30,1382.1,1383.2,1376.4,1379.2,1200205
688,2025-08-07 11:15:00+05:30,1379.2,1381.6,1378.3,1380.4,1320828
689,2025-08-07 12:15:00+05:30,1380.4,1381.4,1370.0,1371.4,1092872
690,2025-08-07 13:15:00+05:30,1371.4,1377.2,1366.0,1376.5,1420739
691,2025-08-07 14:15:00+05:30,1376.4,1393.3,1375.6,1388.1,2885848
692,2025-08-07 15:15:00+05:30,1388.1,1393.7,1387.3,1391.0,1090205
693,2025-08-08 09:15:00+05:30,1385.0,1397.2,1381.3,1383.3,1295541
694,2025-08-08 10:15:00+05:30,1383.3,1384.9,1369.5,1374.1,1661459
695,2025-08-08 11:15:00+05:30,1374.1,1378.0,1371.4,1373.2,999619
696,2025-08-08 12:15:00+05:30,1372.9,1378.8,1371.4,1374.3,881723
697,2025-08-08 13:15:00+05:30,1374.3,1376.7,1370.6,1372.6,960150
698,2025-08-08 14:15:00+05:30,1372.6,1375.6,1365.6,1366.5,2040117
699,2025-08-08 15:15:00+05:30,1366.3,1368.5,1365.0,1366.4,901337
700,2025-08-11 09:15:00+05:30,1370.0,1373.4,1361.2,1368.7,1430023
701,2025-08-11 10:15:00+05:30,1368.7,1372.0,1365.4,1367.4,817120
702,2025-08-11 11:15:00+05:30,1367.4,1377.7,1365.5,1377.0,1582384
703,2025-08-11 12:15:00+05:30,1377.0,1377.5,1370.9,1374.2,1031021
704,2025-08-11 13:15:00+05:30,1374.2,1380.8,1371.9,1378.7,1714500
705,2025-08-11 14:15:00+05:30,1379.1,1388.0,1378.0,1386.2,2602578
706,2025-08-11 15:15:00+05:30,1386.2,1386.3,1383.0,1384.7,768666
707,2025-08-12 09:15:00+05:30,1381.9,1401.9,1378.4,1397.2,1879274
708,2025-08-12 10:15:00+05:30,1397.1,1398.2,1385.0,1385.2,762775
709,2025-08-12 11:15:00+05:30,1385.2,1390.4,1382.7,1385.0,3074754
710,2025-08-12 12:15:00+05:30,1385.0,1394.9,1384.7,1389.7,1221578
711,2025-08-12 13:15:00+05:30,1389.7,1389.8,1379.4,1381.1,1514084
712,2025-08-12 14:15:00+05:30,1380.8,1382.6,1375.2,1381.5,2796282
713,2025-08-12 15:15:00+05:30,1381.4,1382.6,1380.0,1380.0,964919
714,2025-08-13 09:15:00+05:30,1388.0,1391.8,1383.0,1385.3,1331156
715,2025-08-13 10:15:00+05:30,1385.3,1387.2,1381.5,1383.5,891147
716,2025-08-13 11:15:00+05:30,1383.2,1383.9,1377.5,1380.0,996110
717,2025-08-13 12:15:00+05:30,1380.0,1387.4,1378.6,1385.5,994745
718,2025-08-13 13:15:00+05:30,1385.2,1389.5,1381.4,1388.3,694909
719,2025-08-13 14:15:00+05:30,1388.4,1388.4,1381.5,1382.4,1586455
720,2025-08-13 15:15:00+05:30,1382.3,1385.0,1382.0,1384.0,873916
721,2025-08-14 09:15:00+05:30,1377.3,1380.7,1374.0,1375.0,864009
722,2025-08-14 10:15:00+05:30,1374.9,1378.5,1374.0,1377.9,818132
723,2025-08-14 11:15:00+05:30,1377.7,1378.5,1372.6,1374.6,770209
724,2025-08-14 12:15:00+05:30,1375.1,1377.5,1373.6,1375.9,728852
725,2025-08-14 13:15:00+05:30,1375.9,1377.5,1373.8,1374.5,922088
726,2025-08-14 14:15:00+05:30,1374.5,1377.0,1370.4,1373.9,2240185
727,2025-08-14 15:15:00+05:30,1373.9,1373.9,1370.1,1372.4,717208
728,2025-08-18 09:15:00+05:30,1390.0,1394.9,1382.6,1387.4,2632699
729,2025-08-18 10:15:00+05:30,1387.5,1388.4,1385.0,1386.6,900796
730,2025-08-18 11:15:00+05:30,1386.6,1387.8,1377.8,1378.1,2218004
731,2025-08-18 12:15:00+05:30,1378.1,1385.5,1377.0,1385.4,1645252
732,2025-08-18 13:15:00+05:30,1385.5,1386.6,1382.6,1385.0,881068
733,2025-08-18 14:15:00+05:30,1385.0,1386.0,1379.8,1380.8,2401773
734,2025-08-18 15:15:00+05:30,1381.0,1384.6,1380.8,1384.0,988234
735,2025-08-19 09:15:00+05:30,1390.0,1413.6,1389.1,1413.3,3929244
736,2025-08-19 10:15:00+05:30,1413.3,1414.5,1409.0,1409.9,1527880
737,2025-08-19 11:15:00+05:30,1410.0,1413.0,1407.1,1412.8,1409948
738,2025-08-19 12:15:00+05:30,1412.9,1418.3,1412.2,1413.6,1910370
739,2025-08-19 13:15:00+05:30,1413.6,1417.9,1413.4,1415.1,1606267
740,2025-08-19 14:15:00+05:30,1415.2,1420.8,1414.4,1419.5,2664909
741,2025-08-19 15:15:00+05:30,1419.5,1421.0,1419.4,1421.0,1201353
742,2025-08-20 09:15:00+05:30,1413.0,1423.0,1411.0,1420.1,1576143
743,2025-08-20 10:15:00+05:30,1420.0,1424.9,1420.0,1422.9,1601779
744,2025-08-20 11:15:00+05:30,1423.0,1423.0,1416.8,1421.2,1284096
745,2025-08-20 12:15:00+05:30,1421.2,1422.4,1419.0,1420.2,785343
746,2025-08-20 13:15:00+05:30,1420.2,1422.4,1416.8,1420.1,1030599
747,2025-08-20 14:15:00+05:30,1420.1,1420.2,1412.7,1413.0,1657344
748,2025-08-20 15:15:00+05:30,1412.9,1418.3,1410.0,1411.3,679508
749,2025-08-21 09:15:00+05:30,1425.0,1431.9,1420.3,1429.9,2820055
750,2025-08-21 10:15:00+05:30,1429.8,1431.0,1426.0,1427.6,1684050
751,2025-08-21 11:15:00+05:30,1427.6,1429.6,1425.0,1426.1,1142307
752,2025-08-21 12:15:00+05:30,1426.1,1429.8,1424.2,1428.9,1243204
753,2025-08-21 13:15:00+05:30,1428.8,1430.8,1426.2,1429.7,1465346
754,2025-08-21 14:15:00+05:30,1429.9,1430.9,1423.8,1424.5,1741871
755,2025-08-21 15:15:00+05:30,1424.2,1425.8,1421.0,1424.5,772779
756,2025-08-22 09:15:00+05:30,1420.0,1423.4,1415.0,1420.5,1089676
757,2025-08-22 10:15:00+05:30,1420.7,1420.7,1413.0,1414.4,843108
758,2025-08-22 11:15:00+05:30,1414.4,1416.9,1413.0,1413.6,970166
759,2025-08-22 12:15:00+05:30,1413.9,1414.0,1411.2,1413.3,579285
760,2025-08-22 13:15:00+05:30,1413.2,1416.5,1413.1,1414.4,440580
761,2025-08-22 14:15:00+05:30,1414.4,1415.0,1407.9,1409.0,1217936
762,2025-08-22 15:15:00+05:30,1408.9,1410.1,1408.9,1410.0,620973
763,2025-08-25 09:15:00+05:30,1414.7,1417.0,1405.7,1408.7,1299375
764,2025-08-25 10:15:00+05:30,1408.7,1413.9,1406.6,1411.1,748118
765,2025-08-25 11:15:00+05:30,1411.2,1412.0,1407.6,1410.6,930465
766,2025-08-25 12:15:00+05:30,1410.1,1416.5,1408.4,1416.1,730373
767,2025-08-25 13:15:00+05:30,1416.1,1419.5,1414.5,1415.5,717138
768,2025-08-25 14:15:00+05:30,1415.5,1417.3,1409.7,1410.2,1041671
769,2025-08-25 15:15:00+05:30,1410.3,1415.6,1410.2,1413.7,442633
770,2025-08-26 09:15:00+05:30,1408.0,1410.0,1398.2,1402.2,1398753
771,2025-08-26 10:15:00+05:30,1402.4,1403.7,1396.2,1398.7,535374
772,2025-08-26 11:15:00+05:30,1398.7,1400.6,1395.1,1395.4,584150
773,2025-08-26 12:15:00+05:30,1395.9,1397.7,1393.1,1394.6,803148
774,2025-08-26 13:15:00+05:30,1394.6,1397.1,1391.4,1392.4,1378240
775,2025-08-26 14:15:00+05:30,1392.4,1394.7,1382.7,1384.1,4262400
776,2025-08-26 15:15:00+05:30,1384.1,1385.0,1381.6,1383.8,3133380
777,2025-08-28 09:15:00+05:30,1389.9,1389.9,1366.5,1381.0,2775830
778,2025-08-28 10:15:00+05:30,1380.7,1387.5,1379.3,1383.4,2025652
779,2025-08-28 11:15:00+05:30,1383.4,1383.5,1377.5,1380.7,1197082
780,2025-08-28 12:15:00+05:30,1380.7,1380.8,1374.8,1376.5,1023916
781,2025-08-28 13:15:00+05:30,1376.6,1381.3,1373.5,1380.4,1335710
782,2025-08-28 14:15:00+05:30,1380.4,1389.0,1377.1,1389.0,3150339
783,2025-08-28 15:15:00+05:30,1388.9,1392.2,1387.0,1390.9,1063631
784,2025-08-29 09:15:00+05:30,1381.1,1396.6,1381.1,1384.3,2893396
785,2025-08-29 10:15:00+05:30,1384.3,1389.4,1384.0,1387.9,1050587
786,2025-08-29 11:15:00+05:30,1387.9,1388.8,1385.0,1388.0,704643
787,2025-08-29 12:15:00+05:30,1388.0,1388.3,1384.1,1384.5,865099
788,2025-08-29 13:15:00+05:30,1384.7,1389.0,1384.4,1388.0,1895791
789,2025-08-29 14:15:00+05:30,1388.0,1403.5,1350.0,1356.6,8856449
790,2025-08-29 15:15:00+05:30,1356.6,1359.0,1350.0,1355.0,2307273
791,2025-09-01 09:15:00+05:30,1356.0,1357.0,1340.6,1351.3,2837205
792,2025-09-01 10:15:00+05:30,1351.4,1353.8,1350.8,1352.6,1323586
793,2025-09-01 11:15:00+05:30,1352.7,1353.5,1348.6,1353.0,1116376
794,2025-09-01 12:15:00+05:30,1353.0,1359.0,1351.7,1356.9,1550364
795,2025-09-01 13:15:00+05:30,1356.9,1363.2,1355.9,1360.1,1463012
796,2025-09-01 14:15:00+05:30,1360.1,1360.3,1352.7,1353.1,1794125
797,2025-09-01 15:15:00+05:30,1353.3,1355.6,1352.5,1355.0,983123
798,2025-09-02 09:15:00+05:30,1354.8,1384.5,1354.5,1379.2,3316611
799,2025-09-02 10:15:00+05:30,1379.2,1384.0,1375.7,1382.6,1421023
800,2025-09-02 11:15:00+05:30,1382.5,1384.3,1376.2,1376.7,1400945
801,2025-09-02 12:15:00+05:30,1376.8,1380.0,1375.0,1376.4,1314261
802,2025-09-02 13:15:00+05:30,1376.4,1377.3,1363.6,1365.0,1636584
803,2025-09-02 14:15:00+05:30,1365.1,1370.2,1363.5,1366.7,1812862
804,2025-09-02 15:15:00+05:30,1366.4,1367.8,1365.1,1367.5,550849
805,2025-09-03 09:15:00+05:30,1369.7,1372.5,1360.5,1368.7,1602827
806,2025-09-03 10:15:00+05:30,1368.7,1369.2,1364.5,1367.4,803777
807,2025-09-03 11:15:00+05:30,1367.4,1373.9,1366.0,1373.2,957410
808,2025-09-03 12:15:00+05:30,1373.2,1374.5,1366.8,1368.0,1021787
809,2025-09-03 13:15:00+05:30,1368.0,1370.0,1366.1,1368.7,1208682
810,2025-09-03 14:15:00+05:30,1368.7,1376.5,1367.2,1374.5,1501217
811,2025-09-03 15:15:00+05:30,1374.4,1374.6,1371.0,1372.0,614470
812,2025-09-04 09:15:00+05:30,1371.8,1374.0,1362.6,1365.2,2300440
813,2025-09-04 10:15:00+05:30,1365.1,1365.9,1360.3,1362.4,1490107
814,2025-09-04 11:15:00+05:30,1362.4,1367.1,1361.6,1366.3,2256682
815,2025-09-04 12:15:00+05:30,1366.4,1366.4,1362.9,1364.5,1623016
816,2025-09-04 13:15:00+05:30,1364.5,1365.6,1360.5,1361.6,1352614
817,2025-09-04 14:15:00+05:30,1361.6,1365.0,1357.5,1358.3,2872244
818,2025-09-04 15:15:00+05:30,1358.3,1360.1,1357.1,1359.1,766502
819,2025-09-05 09:15:00+05:30,1363.0,1372.8,1363.0,1364.4,941711
820,2025-09-05 10:15:00+05:30,1364.4,1369.0,1359.3,1365.7,796105
821,2025-09-05 11:15:00+05:30,1365.5,1369.0,1364.0,1367.1,755888
822,2025-09-05 12:15:00+05:30,1367.1,1371.2,1363.1,1370.7,547758
823,2025-09-05 13:15:00+05:30,1370.7,1381.0,1370.7,1374.4,962508
824,2025-09-05 14:15:00+05:30,1374.6,1376.9,1371.7,1375.7,1305058
825,2025-09-05 15:15:00+05:30,1375.8,1376.1,1373.5,1376.0,425591
826,2025-09-08 09:15:00+05:30,1380.0,1381.5,1373.5,1376.0,1435450
827,2025-09-08 10:15:00+05:30,1375.8,1377.4,1372.4,1376.3,733722
828,2025-09-08 11:15:00+05:30,1376.1,1378.0,1375.0,1378.0,444914
829,2025-09-08 12:15:00+05:30,1377.8,1386.0,1376.7,1383.9,1034266
830,2025-09-08 13:15:00+05:30,1383.9,1384.5,1381.5,1383.8,863471
831,2025-09-08 14:15:00+05:30,1383.8,1385.9,1376.5,1378.3,1808438
832,2025-09-08 15:15:00+05:30,1378.3,1380.0,1376.9,1378.9,574263
833,2025-09-09 09:15:00+05:30,1376.6,1381.2,1373.6,1373.9,1279928
834,2025-09-09 10:15:00+05:30,1373.8,1375.5,1371.0,1373.8,961409
835,2025-09-09 11:15:00+05:30,1373.8,1374.8,1368.7,1372.8,1078004
836,2025-09-09 12:15:00+05:30,1372.9,1378.9,1371.1,1377.5,1544143
837,2025-09-09 13:15:00+05:30,1377.7,1379.0,1375.8,1377.4,920144
838,2025-09-09 14:15:00+05:30,1377.5,1378.0,1373.1,1376.4,2853844
839,2025-09-09 15:15:00+05:30,1376.4,1377.8,1375.0,1376.9,1085556
840,2025-09-10 09:15:00+05:30,1383.9,1388.5,1378.0,1383.3,1929631
841,2025-09-10 10:15:00+05:30,1383.3,1384.0,1378.7,1381.5,910883
842,2025-09-10 11:15:00+05:30,1381.3,1383.0,1378.8,1382.6,847088
843,2025-09-10 12:15:00+05:30,1382.6,1382.9,1379.6,1380.0,781868
844,2025-09-10 13:15:00+05:30,1380.1,1381.7,1379.1,1380.1,557200
845,2025-09-10 14:15:00+05:30,1380.1,1380.1,1374.1,1376.8,1815372
846,2025-09-10 15:15:00+05:30,1376.8,1377.9,1376.4,1377.6,853043
847,2025-09-11 09:15:00+05:30,1376.0,1383.0,1375.0,1381.0,1125623
848,2025-09-11 10:15:00+05:30,1380.9,1385.3,1380.9,1384.4,883742
849,2025-09-11 11:15:00+05:30,1384.3,1385.0,1382.0,1382.5,722675
850,2025-09-11 12:15:00+05:30,1382.5,1385.5,1381.0,1384.0,992941
851,2025-09-11 13:15:00+05:30,1384.0,1385.0,1380.1,1380.3,1410309
852,2025-09-11 14:15:00+05:30,1380.3,1385.1,1378.9,1382.4,3840268
853,2025-09-11 15:15:00+05:30,1382.9,1384.5,1381.9,1382.1,700342
